"Epic","Feature","Story","FAILED","BROKEN","PASSED","SKIPPED","UNKNOWN"
"","Test Alert Page","","0","4","0","0","0"
"","Test Links","","0","8","0","0","0"
"","Test Modal Dialog Page","","0","2","0","0","0"
"","Test Web Table","","0","4","0","1","0"
"","Test Frames Page","","0","1","0","0","0"
"","Test Dynamic Properties Page","","0","3","0","0","0"
"","Test RadioButton","","0","0","0","1","0"
"","Test Button","","0","1","0","0","0"
"","Test Upload And Download","","0","2","0","0","0"
"","Test Alert Frame Windows Page","","0","2","0","0","0"
"","Test Nested Frames Page","","0","1","0","0","0"
"","Text Box","","0","1","0","0","0"
"","Test CheckBox","","0","1","0","0","0"
"","Test Sortable","","0","1","0","0","0"
"","Test Forms","","0","1","0","0","0"
